id,date,title,originator,source,documentType,classification,category,evidenceRole,warQuestion,summary,repository,citation,sourceNote,url,scanUrl,ocrUrl,status,tags
siop63-1962-09-22-briefing,1962-09-22,"L.L. Lemnitzer to the President, SIOP 63 Briefing",Lyman L. Lemnitzer / Joint Chiefs of Staff,NSA Nuclear Vault,Briefing memorandum,Top Secret,Strategic nuclear war plan,Current U.S. general nuclear war plan at the time of the crisis,What strategic nuclear options would President Kennedy have had before him in October 1962?,"Briefed Kennedy on SIOP-63 only weeks before the crisis. The document is central because SIOP-63 went into effect on August 1, 1962 and was the U.S. strategic nuclear war plan in force during the missile crisis.","National Archives, RG 218, Records of the Joint Chiefs of Staff, Chairman's Files, Lyman L. Lemnitzer, Box 2","L.L. Lemnitzer to President Kennedy, SIOP 63 Briefing, September 22, 1962.",Posted by the National Security Archive as background document 3 in its SIOP-62/SIOP-63 Nuclear Vault release.,https://nsarchive2.gwu.edu/nukevault/ebb236/index.htm,https://nsarchive2.gwu.edu/nukevault/ebb236/background%20doc%203.pdf,,digitized scan,SIOP-63; Kennedy briefing; strategic war plan; JCS
siop63-1964-01-history,1964-01-01,History of the Joint Strategic Target Planning Staff: Preparation of SIOP-63,"Headquarters, Strategic Air Command, History and Research Division",NSA Nuclear Vault,Official history,"Top Secret, excised copy",Strategic nuclear war plan,"Explains the SIOP-63 options, target planning, and fallout constraints that framed any general nuclear exchange in October 1962",How did the U.S. plan to execute or limit nuclear strikes if a general war began?,"A declassified SAC history of SIOP-63, including the move toward more flexible attack options, counterforce/no-cities concepts, strategic reserve forces, and unresolved command-and-control limits under nuclear-war conditions.",Mandatory Review release and appeal,"Headquarters, Strategic Air Command, History and Research Division, History of the Joint Strategic Target Planning Staff: Preparation of SIOP-63, January 1964.",Released through National Security Archive mandatory review appeals.,https://nsarchive2.gwu.edu/nukevault/ebb236/index.htm,https://nsarchive.gwu.edu/nukevault/ebb285/sidebar/SIOP-63_history.pdf,,digitized scan,SIOP-63; JSTPS; counterforce; fallout; preemption
siop62-1958-11-20-nesc,1958-11-20,Discussion at the 387th Meeting of the National Security Council,National Security Council,NSA Nuclear Vault,NSC memorandum,Top Secret,Damage and casualty expectations,Shows the Net Evaluation Subcommittee method for estimating nuclear-war consequences,"What official machinery estimated deaths, destruction, and military effects in a general nuclear war?","Documents the NSC's use of net evaluations to estimate the effects of nuclear war on the United States, the Soviet Union, allies, civilian fatalities, economic resources, and military capabilities.","Dwight D. Eisenhower Library, Ann Whitman File, NSC Series, Box 10","Memorandum, Discussion at the 387th Meeting of the National Security Council, November 20, 1958.",Posted as document 1 in the National Security Archive SIOP-62 release.,https://nsarchive2.gwu.edu/NSAEBB/NSAEBB130/index.htm,https://nsarchive2.gwu.edu/NSAEBB/NSAEBB130/SIOP-1.pdf,,digitized scan,Net Evaluation Subcommittee; casualties; nuclear effects; NSC
siop62-1960-02-12-appraisal,1960-02-12,Appraisal of Relative Merits of Alternative Retaliatory Efforts,JCS Chairman Nathan Twining / National Security Council,NSA Nuclear Vault,JCS/NSC memorandum,Top Secret,Damage and casualty expectations,Shows target-system choices and the scale of destruction expected from nuclear retaliation,What level of destruction did U.S. planners associate with prevailing in a nuclear exchange?,"Reviews alternatives for retaliation against urban-industrial targets, military targets, and an optimum mix of both. The accompanying release context identifies the document as a key source for expected city destruction and mass casualties.","National Archives, RG 218, JCS Chairman Nathan Twining Papers, 381 Net Evaluation","Nathan Twining to Director, Joint Staff, Appraisal of Relative Merits of Alternative Retaliatory Efforts, February 19, 1960, enclosing memorandum to the President, February 12, 1960.",Posted as document 4 in the National Security Archive SIOP-62 release.,https://nsarchive2.gwu.edu/NSAEBB/NSAEBB130/index.htm,https://nsarchive2.gwu.edu/NSAEBB/NSAEBB130/SIOP-4.pdf,,digitized scan,retaliation; urban-industrial targets; optimum mix; casualties
siop62-1960-10-26-sac-targeting,1960-10-26,SAC Use of Computers in Targeting,Rear Adm. Paul Blackburn,NSA Nuclear Vault,Navy staff memorandum,Top Secret,Strategic nuclear war plan,Shows how the JSTPS constructed target lists and attack plans,How would U.S. planners have matched nuclear weapons to Soviet-bloc targets?,"Explains the practical targeting process behind SIOP-62, including desired ground zeroes, assumptions about high-yield weapons, and surface-burst planning that would have produced heavy fallout.","U.S. Navy Operational Archives, Arleigh Burke Papers, SIOP/NSTL Briefing Folder","Rear Adm. Paul Blackburn to Chief of Naval Operations, SAC Use of Computers in Targeting, October 26, 1960.",Posted as document 13 in the National Security Archive SIOP-62 release.,https://nsarchive2.gwu.edu/NSAEBB/NSAEBB130/index.htm,https://nsarchive2.gwu.edu/NSAEBB/NSAEBB130/SIOP-13.pdf,,digitized scan,targeting; DGZ; surface bursts; fallout; SAC
siop62-1960-10-29-alert-force,1960-10-29,JCS Liaison Group Cable on SIOP Alert Force Planning,"Gen. Berton E. Spivy, JCS Liaison Group",NSA Nuclear Vault,JCS liaison cable,Top Secret,Strategic nuclear war plan,"Shows alert-force size, target coverage, and execution assumptions",What forces and target counts would a rapid U.S. nuclear strike have involved?,"Reports on alert-force planning, delivery vehicles, weapons, targets, damage expectancy, and execution timing. It is one of the clearest declassified windows into how many weapons could be launched early in the plan.","U.S. Navy Operational Archives, Arleigh Burke Papers, SIOP/NSTL Briefing Folder","Gen. Berton E. Spivy, JCS Liaison Group, Offutt AFB, cable to JCS, October 29, 1960.",Posted as document 14 in the National Security Archive SIOP-62 release.,https://nsarchive2.gwu.edu/NSAEBB/NSAEBB130/index.htm,https://nsarchive2.gwu.edu/NSAEBB/NSAEBB130/SIOP-14.pdf,,digitized scan,alert force; weapons; targets; execution timing
siop62-1960-12-30-review,1960-12-30,Review of the NSTL/SIOP-62 and Related Policy Guidance,Joint Chiefs of Staff,NSA Nuclear Vault,JCS note,Top Secret,Damage and casualty expectations,Records senior objections that SIOP damage and population casualties were excessive,Did U.S. officials understand that the war plan could produce destruction beyond military requirements?,"Includes service-level critiques of SIOP-62 damage criteria, casualty levels, radiation assumptions, and the need to understand worldwide contamination effects.","National Archives, RG 218, Records of the Joint Chiefs of Staff, Decimal Files","Note by the Secretaries to the Joint Chiefs of Staff, Review of the NSTL/SIOP-62 and Related Policy Guidance, JCS 2056/197, December 30, 1960.",Posted as document 19 in the National Security Archive SIOP-62 release.,https://nsarchive2.gwu.edu/NSAEBB/NSAEBB130/index.htm,https://nsarchive2.gwu.edu/NSAEBB/NSAEBB130/SIOP-19.pdf,,digitized scan,casualties; radiation; worldwide contamination; SIOP-62
siop62-1961-01-27-kistiakowsky,1961-01-27,Strategic Target Planning,Joint Chiefs of Staff,NSA Nuclear Vault,JCS note,"Top Secret, excised copy",Damage and casualty expectations,Captures White House science-adviser concerns about excessive force requirements,What internal critiques existed before Kennedy inherited the SIOP?,"Records George Kistiakowsky's review of SIOP-62 and the problems created by high assurance criteria, repeated weapons on the same targets, and limited presidential flexibility.","National Archives, RG 218, Records of the Joint Chiefs of Staff, Decimal Files","Note by the Secretaries to the Joint Chiefs of Staff on Strategic Target Planning, JCS 2056/208, January 27, 1961.",Posted as document 23 in the National Security Archive SIOP-62 release.,https://nsarchive2.gwu.edu/NSAEBB/NSAEBB130/index.htm,https://nsarchive2.gwu.edu/NSAEBB/NSAEBB130/SIOP-23.pdf,,digitized scan,Kistiakowsky; overkill; assurance criteria; SIOP review
siop62-1961-02-06-mcnamara-jstps,1961-02-06,Secretary McNamara's Visit to the JSTPS,Joint Strategic Target Planning Staff,NSA Nuclear Vault,Memorandum for the record,Top Secret,Damage and casualty expectations,Shows McNamara's early confrontation with nuclear targeting and urban destruction,What did the Defense Department know about how much force SIOP strikes would apply to cities and targets?,"Documents McNamara's February 1961 visit to Offutt Air Force Base and questions about weapons, target coverage, urban-industrial targets, fallout, and damage levels.",FOIA release to National Security Archive,"Memorandum for the Record, Secretary McNamara's Visit to the JSTPS, February 6, 1961.",Posted as document 24B in the National Security Archive SIOP-62 release.,https://nsarchive2.gwu.edu/NSAEBB/NSAEBB130/index.htm,https://nsarchive2.gwu.edu/NSAEBB/NSAEBB130/SIOP-24b.pdf,,digitized scan,McNamara; JSTPS; urban-industrial targets; fallout
siop62-1961-02-11-review,1961-02-11,Review of the NSTL/SIOP-62 and Related Policy Guidance,Joint Chiefs of Staff,NSA Nuclear Vault,JCS note,"Top Secret, excised copy",Strategic nuclear war plan,Shows the all-or-nothing character and China problem in early SIOP planning,Could the United States easily withhold attacks on countries not directly involved in the crisis?,"Includes high-level debate over whether the plan could avoid striking China or other targets if they were not involved, a core issue for any Cuba-triggered general war.","National Archives, RG 218, Records of the Joint Chiefs of Staff, Decimal Files","Note by the Secretaries to the Joint Chiefs of Staff, Review of the NSTL/SIOP-62 and Related Policy Guidance, JCS 2056/220, February 11, 1961.",Posted as document 25 in the National Security Archive SIOP-62 release.,https://nsarchive2.gwu.edu/NSAEBB/NSAEBB130/index.htm,https://nsarchive2.gwu.edu/NSAEBB/NSAEBB130/SIOP-25.pdf,,digitized scan,China; withholds; all-out plan; SIOP flexibility
siop62-1961-04-28-dgzs,1961-04-28,JCLSG Offutt AFB Cable to JCS on SIOP-62 Updates,"JCS Liaison Group, Offutt AFB",NSA Nuclear Vault,JCS cable,Top Secret,Strategic nuclear war plan,Gives aggregate weapons and desired ground zero counts for SIOP-62,What order of magnitude of weapons and target points shaped the inherited plan?,"Discloses aggregate SIOP-62 alert-force and committed-force weapons and designated ground zeroes, showing the scale of the plan Kennedy's administration sought to revise.","U.S. Navy Operational Archives, Arleigh Burke Papers","JCLSG, Offutt AFB cable 292318Z to JCS, April 28, 1961.",Posted as document 27 in the National Security Archive SIOP-62 release.,https://nsarchive2.gwu.edu/NSAEBB/NSAEBB130/index.htm,https://nsarchive2.gwu.edu/NSAEBB/NSAEBB130/SIOP-27.pdf,,digitized scan,DGZ; weapons count; alert force; committed force
frus-v11-d18,1962-10-16,Transcript of a Meeting at the White House,White House / ExComm,FRUS,Meeting transcript,No classification marking,U.S. attack or invasion option,"First-day presidential discussion of air strike, invasion, warning, and Soviet response",What choices did Kennedy's advisers first imagine once the missiles were confirmed?,"The first major recorded ExComm discussion after the U-2 evidence, showing immediate consideration of air attack, invasion, blockade, and the risk that Soviet reaction elsewhere could widen the conflict.","Kennedy Library, President's Office Files, Presidential Recordings, Transcripts","Transcript of a Meeting at the White House, October 16, 1962, FRUS, 1961-1963, vol. XI, doc. 18.","Source note in FRUS cites Kennedy Library presidential recordings, audiotape transcript.",https://history.state.gov/historicaldocuments/frus1961-63v11/d18,,,official transcript,ExComm; air strike; invasion; Soviet response
frus-v11-d21,1962-10-16,Off the Record Meeting on Cuba,White House / ExComm,FRUS,Meeting transcript,No classification marking,U.S. attack or invasion option,"Shows deeper first-day discussion of escalation, Berlin, and the costs of military action",How did officials connect an attack on Cuba to a possible Berlin or global crisis?,A long off-the-record White House tape transcript in which Kennedy and advisers weighed whether a surprise attack or invasion would trigger Soviet counteraction and broader war.,"Kennedy Library, President's Office Files, Presidential Recordings, Transcripts","Off the Record Meeting on Cuba, October 16, 1962, FRUS, 1961-1963, vol. XI, doc. 21.","Source note in FRUS cites Kennedy Library presidential recordings, audiotapes 28.2 and 28A.1.",https://history.state.gov/historicaldocuments/frus1961-63v11/d21,,,official transcript,ExComm; Berlin; surprise attack; invasion
frus-v11-d22,1962-10-17,Memorandum of Meeting,John A. McCone / CIA,FRUS,Memorandum of meeting,Top Secret; Eyes Only,U.S. attack or invasion option,Records early intelligence and policy deliberation on possible military action,What did the intelligence and national security principals think the military choices were?,"McCone's record of the October 17 meeting, useful for reconstructing how the air-strike and invasion tracks were discussed before the quarantine decision hardened.",CIA DCI/McCone Files,"Memorandum of Meeting, October 17, 1962, FRUS, 1961-1963, vol. XI, doc. 22.","Source note in FRUS cites CIA DCI/McCone Files, Job 80-B01285A.",https://history.state.gov/historicaldocuments/frus1961-63v11/d22,,,official transcript,McCone; CIA; military options; ExComm
frus-v11-d25,1962-10-17,Letter From Adlai Stevenson to President Kennedy,Adlai Stevenson,FRUS,Memorandum/letter,Secret; Eyes Only,Soviet reaction estimate,Provides a primary alternative to immediate force based on escalation risk,What arguments inside the administration stressed negotiation to avoid a war path?,Stevenson's warning against immediate air strikes and his proposed diplomatic alternatives help define the fork between coercive diplomacy and direct military action.,"Kennedy Library, National Security Files, Countries Series, Cuba","Adlai Stevenson to President Kennedy, October 17, 1962, FRUS, 1961-1963, vol. XI, doc. 25.","Source note in FRUS cites Kennedy Library National Security Files, Countries Series, Cuba.",https://history.state.gov/historicaldocuments/frus1961-63v11/d25,,,official text,Stevenson; diplomacy; air strike alternative; escalation
frus-v11-d31,1962-10-19,Record of Meeting,Department of State principals,FRUS,Meeting record,Secret,U.S. attack or invasion option,"Shows State/Defense/CIA discussion of blockade, air strike, invasion, and likely consequences",How did the principals compare the likely consequences of the main U.S. options?,"A high-value record of policy principals discussing the costs and uncertainties of quarantine, air attack, and invasion before Kennedy selected the public quarantine path.","Department of State, S/S Files, Lot 65 D 438","Record of Meeting, October 19, 1962, FRUS, 1961-1963, vol. XI, doc. 31.","Source note in FRUS cites Department of State S/S Files, Cuba Week Drafts.",https://history.state.gov/historicaldocuments/frus1961-63v11/d31,,,official text,courses of action; air strike; blockade; invasion
frus-v11-d32,1962-10-19,SNIE 11-18-62: Soviet Reactions to Certain U.S. Courses of Action on Cuba,U.S. Intelligence Board / CIA,FRUS,Special National Intelligence Estimate,Top Secret; Controlled Dissemination; Psalm,Soviet reaction estimate,Core estimate of whether U.S. military action would escalate to general war,How did U.S. intelligence estimate Soviet retaliation if the United States attacked Cuba?,"The key intelligence estimate on likely Soviet reaction to warning, blockade, air attack, or invasion. It explicitly considered whether military action could produce a chain of action and reaction leading to general war.","Department of State, S/S Files, Lot 65 D 438, CIA-Cuba","Special National Intelligence Estimate 11-18-62, Soviet Reactions to Certain U.S. Courses of Action on Cuba, October 19, 1962, FRUS, 1961-1963, vol. XI, doc. 32.","Source note in FRUS cites Department of State S/S Files and CIA Documents on the Cuban Missile Crisis, 1962.",https://history.state.gov/historicaldocuments/frus1961-63v11/d32,https://nsarchive2.gwu.edu/nsa/cuba_mis_cri/19621020cia.pdf,,official text plus scan of related October 20 version,SNIE; Soviet reaction; general war; Berlin; air strike
frus-v11-d34,1962-10-20,Minutes of the 505th Meeting of the National Security Council,National Security Council,FRUS,NSC minutes,Top Secret,U.S. attack or invasion option,Shows the President's formal comparison of quarantine and military attack,Why did Kennedy choose quarantine while keeping attack and invasion ready?,"The formal NSC meeting where intelligence briefings and alternative courses of action were reviewed, including the air-strike option and concern about moving too fast into military action.","Kennedy Library, National Security Files, Meetings and Memoranda Series, NSC Meetings","Minutes of the 505th Meeting of the National Security Council, October 20, 1962, FRUS, 1961-1963, vol. XI, doc. 34.",Source note in FRUS cites Kennedy Library NSC Meetings files.,https://history.state.gov/historicaldocuments/frus1961-63v11/d34,,,official text,NSC; quarantine; air strike; Kennedy
frus-v11-d36,1962-10-21,Notes on Meeting With President Kennedy,Robert McNamara / Department of Defense,FRUS,Meeting notes,Top Secret,U.S. attack or invasion option,Most compact account of the air-strike plan and why it probably led to invasion,"If Kennedy ordered air strikes, what did his military advisers expect would follow?","McNamara's notes record the planned sortie structure, the uncertain ability to destroy all missiles, the estimate that some missiles were operational, and the judgment that air strikes would lead inevitably to invasion.","Washington National Records Center, RG 330, OASD(C) A Files","Notes on Meeting With President Kennedy, October 21, 1962, FRUS, 1961-1963, vol. XI, doc. 36.",Source note in FRUS cites WNRC RG 330 OASD(C) files; also reproduced in CIA Documents on the Cuban Missile Crisis.,https://history.state.gov/historicaldocuments/frus1961-63v11/d36,https://nsarchive.gwu.edu/sites/default/files/2022-10/1962-10-21-Notes-on-October-21-1962-Meet.pdf,https://nsarchive.gwu.edu/media/29223/ocr,official text plus scan/OCR,McNamara; air strike; invasion; operational missiles
frus-v11-d38,1962-10-21,Minutes of the 506th Meeting of the National Security Council,National Security Council,FRUS,NSC minutes,Top Secret,U.S. attack or invasion option,Shows attack readiness after the quarantine decision,How ready was the United States to shift from quarantine to attack?,"Records the final pre-speech NSC discussion of quarantine, military preparations, and follow-on air/invasion contingencies if the crisis did not move toward a settlement.","Kennedy Library, National Security Files, Meetings and Memoranda Series, NSC Meetings","Minutes of the 506th Meeting of the National Security Council, October 21, 1962, FRUS, 1961-1963, vol. XI, doc. 38.",Source note in FRUS cites Kennedy Library NSC Meetings files.,https://history.state.gov/historicaldocuments/frus1961-63v11/d38,,,official text,NSC; quarantine; military readiness; air strike
frus-v11-d41,1962-10-22,Minutes of the 507th Meeting of the National Security Council,National Security Council,FRUS,NSC minutes,Top Secret,U.S. attack or invasion option,Documents final preparations on the day Kennedy announced the quarantine,What immediate military and political steps accompanied the public challenge to Moscow?,"Captures the last high-level meeting before the President's broadcast, including military preparations, public messaging, and contingency planning.","Kennedy Library, National Security Files, Meetings and Memoranda Series, NSC Meetings","Minutes of the 507th Meeting of the National Security Council, October 22, 1962, FRUS, 1961-1963, vol. XI, doc. 41.",Source note in FRUS cites Kennedy Library NSC Meetings files.,https://history.state.gov/historicaldocuments/frus1961-63v11/d41,,,official text,NSC; quarantine announcement; military preparations
frus-v11-d47,1962-10-23,Minutes of Meeting of the Executive Committee of the National Security Council,Executive Committee of the NSC,FRUS,ExComm minutes,Top Secret; Sensitive,U.S. attack or invasion option,Shows early ExComm management of the quarantine and military fallbacks,How did the United States manage the first hours after open confrontation began?,"Records ExComm deliberation after the public announcement, including quarantine implementation, interception procedures, and the possibility of military escalation.","Kennedy Library, National Security Files, Executive Committee Meetings","Minutes of Meeting of the Executive Committee of the National Security Council, October 23, 1962, FRUS, 1961-1963, vol. XI, doc. 47.",Source note in FRUS cites Kennedy Library Executive Committee Meetings files.,https://history.state.gov/historicaldocuments/frus1961-63v11/d47,,,official text,ExComm; quarantine; interception; escalation
frus-v11-d54,1962-10-23,Memorandum From the Acting Chairman of the Board of National Estimates to DCI McCone,Board of National Estimates,FRUS,Intelligence memorandum,Top Secret,Soviet reaction estimate,Updates intelligence expectations as the quarantine begins,How did analysts think Soviet behavior might change after the U.S. public ultimatum?,An intelligence memorandum useful for tracing how the estimate of Soviet response evolved once the crisis became public and military forces began moving.,"Department of State, S/S Files, Lot 65 D 438, CIA-Cuba","Memorandum from the Acting Chairman of the Board of National Estimates to DCI McCone, October 23, 1962, FRUS, 1961-1963, vol. XI, doc. 54.",Source note in FRUS cites Department of State S/S Files.,https://history.state.gov/historicaldocuments/frus1961-63v11/d54,,,official text,intelligence estimate; Soviet response; quarantine
frus-v11-d73,1962-10-25,Summary Record of the Fifth Meeting of the Executive Committee of the National Security Council,Executive Committee of the NSC,FRUS,ExComm summary record,Top Secret; Sensitive,U.S. attack or invasion option,Shows the pressure to refine next steps if quarantine failed,What escalation ladder did ExComm discuss before Black Saturday?,"Records the fifth formal ExComm meeting, where quarantine enforcement, Soviet responses, and possible next steps toward military action were actively under review.","Kennedy Library, National Security Files, Meetings and Memoranda Series, Executive Committee","Summary Record of the Fifth Meeting of the Executive Committee of the National Security Council, October 25, 1962, FRUS, 1961-1963, vol. XI, doc. 73.",Source note in FRUS cites Kennedy Library Executive Committee meeting files.,https://history.state.gov/historicaldocuments/frus1961-63v11/d73,,,official text,ExComm; quarantine enforcement; next steps; military action
frus-v11-d77,1962-10-25,Scenario for Airstrike Against Offensive Missile Bases and Bombers in Cuba,Planning Subcommittee of the ExComm / Dillon group,FRUS,Scenario paper,Secret,U.S. attack or invasion option,Direct operational scenario for the airstrike pathway,What would the U.S. airstrike sequence have looked like if Kennedy chose force?,Sets out a scenario for striking offensive missile bases and bombers in Cuba. It is one of the most direct documents for reconstructing the non-quarantine military path.,"Kennedy Library, National Security Files, Countries Series, Cuba, General","Planning Subcommittee paper, Scenario for Airstrike Against Offensive Missile Bases and Bombers in Cuba, October 25, 1962.",FRUS doc. 77; a scanned version is posted by the National Security Archive as the Dillon group discussion paper.,https://history.state.gov/historicaldocuments/frus1961-63v11/d77,https://nsarchive2.gwu.edu/nsa/cuba_mis_cri/19621025dillon.pdf,,official text plus scan,airstrike; bombers; missile bases; Dillon group
frus-v11-d79,1962-10-26,Summary Record of the Sixth Meeting of the Executive Committee of the National Security Council,Executive Committee of the NSC,FRUS,ExComm summary record,Top Secret; Sensitive,U.S. attack or invasion option,Shows ExComm decision-making as the crisis approached its most dangerous point,How close were airstrike and invasion plans on the eve of Black Saturday?,"Records ExComm's October 26 meeting on Soviet communications, quarantine status, military readiness, and possible moves if missile construction continued.","Kennedy Library, National Security Files, Executive Committee, Vol. I","Summary Record of the Sixth Meeting of the Executive Committee of the National Security Council, October 26, 1962, FRUS, 1961-1963, vol. XI, doc. 79.",Source note in FRUS cites Kennedy Library Executive Committee meeting files.,https://history.state.gov/historicaldocuments/frus1961-63v11/d79,,,official text,ExComm; October 26; military readiness; Khrushchev letter
frus-v11-d84,1962-10-26,Telegram Transmitting Chairman Khrushchev's Message to President Kennedy,Nikita Khrushchev,FRUS,Leader message,Secret; Niact; Eyes Only; Verbatim Text,Soviet reaction estimate,Shows Soviet leadership's stated fear of thermonuclear escalation,How did Khrushchev frame the danger if the confrontation continued?,The first major Khrushchev letter of October 26 presented the crisis as a path toward catastrophic war and opened the settlement track based on removing missiles for a non-invasion assurance.,"Kennedy Library, President's Office Files, Cuba Security, Khrushchev Correspondence","Telegram from the Embassy in the Soviet Union to the Department of State, transmitting Khrushchev message, October 26, 1962, FRUS, 1961-1963, vol. XI, doc. 84.",Source note in FRUS cites Kennedy Library Khrushchev Correspondence files.,https://history.state.gov/historicaldocuments/frus1961-63v11/d84,,,official text,Khrushchev; Kennedy; non-invasion; settlement
frus-v11-d90,1962-10-27,Summary Record of the Seventh Meeting of the Executive Committee of the National Security Council,Executive Committee of the NSC,FRUS,ExComm summary record,Top Secret; Sensitive,Black Saturday flashpoint,Shows U.S. deliberation on the morning of the most dangerous day,What options were considered as pressure peaked on October 27?,"The morning Black Saturday ExComm record, before the U-2 shootdown fully dominated the day, showing how Kennedy's advisers were handling the competing Khrushchev messages and military contingencies.","Kennedy Library, National Security Files, Executive Committee, Vol. I","Summary Record of the Seventh Meeting of the Executive Committee of the National Security Council, October 27, 1962, FRUS, 1961-1963, vol. XI, doc. 90.",Source note in FRUS cites Kennedy Library Executive Committee meeting files.,https://history.state.gov/historicaldocuments/frus1961-63v11/d90,,,official text,Black Saturday; ExComm; Khrushchev messages; Turkey
frus-v11-d91,1962-10-27,Message From Chairman Khrushchev to President Kennedy,Nikita Khrushchev,FRUS,Leader message,No classification marking,Settlement and post-crisis weapons removal,Introduces the public Cuba-for-Turkey missile trade demand,How did the Soviet public demand complicate the settlement and increase crisis pressure?,"Khrushchev's October 27 message linked Cuba to U.S. Jupiter missiles in Turkey, creating the settlement problem that shaped the secret Kennedy-Dobrynin understanding.","Department of State, Presidential Correspondence","Message from Chairman Khrushchev to President Kennedy, October 27, 1962, FRUS, 1961-1963, vol. XI, doc. 91.",Source note in FRUS cites Department of State Presidential Correspondence and Kennedy Library files.,https://history.state.gov/historicaldocuments/frus1961-63v11/d91,,,official text,Khrushchev; Jupiter missiles; Turkey; settlement
frus-v11-d94,1962-10-27,Summary Record of the Eighth Meeting of the Executive Committee of the National Security Council,Executive Committee of the NSC,FRUS,ExComm summary record,Top Secret; Sensitive,Black Saturday flashpoint,Core record of U.S. decision-making after the U-2 shootdown,How did the U-2 shootdown and Turkey trade question affect the final decision not to attack?,"The crucial Saturday afternoon ExComm meeting after Maj. Rudolf Anderson's U-2 was shot down. It records the debate over retaliation, invasion preparations, and the message strategy that helped avert immediate war.","Kennedy Library, National Security Files, Executive Committee, Vol. I","Summary Record of the Eighth Meeting of the Executive Committee of the National Security Council, October 27, 1962, FRUS, 1961-1963, vol. XI, doc. 94.",Source note in FRUS cites Kennedy Library Executive Committee meeting files.,https://history.state.gov/historicaldocuments/frus1961-63v11/d94,,,official text,Black Saturday; U-2 shootdown; retaliation; ExComm
frus-supp-324,1962-10-16,Questions U.S. Should Be Prepared to Answer in Case an Armed Attack Might Lead to Nuclear War,Theodore Sorensen,FRUS Microfiche Supplement,White House paper,Top Secret,Damage and casualty expectations,Directly frames the nuclear-war question on the first day of the crisis,What questions did the White House believe it had to answer if an attack on Cuba escalated to nuclear war?,An official FRUS microfiche listing for a Sorensen paper prepared on October 16. It is one of the most directly titled primary records for the counterfactual but is not linked to a public scan in the online supplement.,"Kennedy Library, Sorensen Papers, Classified Subject Files, Cuba, General, 1962","Theodore Sorensen, Questions U.S. Should Be Prepared to Answer in Case Soviet Missiles in Cuba Cause the United States to Initiate an Armed Attack That Might Lead to Nuclear War, October 16, 1962.","Listed as document 324 in FRUS 1961-1963, Volumes X/XI/XII, Microfiche Supplement.",https://history.state.gov/historicaldocuments/frus1961-63v10-12mSupp,,,archival-listing,Sorensen; nuclear war; armed attack; White House
frus-supp-334,1962-10-18,Option III - Invasion,Standing Committee,FRUS Microfiche Supplement,Planning paper,Top Secret,U.S. attack or invasion option,Archival listing for the invasion option paper,What did a full invasion option entail before Kennedy chose quarantine?,A nine-page invasion option paper listed in the official FRUS microfiche supplement. It belongs in the corpus because invasion was the pathway most likely to encounter Soviet tactical nuclear forces in Cuba.,"WNRC, RG 330, OASD(C) A Files, Nitze Files: Black Book, Cuba, Vol. I","Standing Committee paper, Option III - Invasion, October 18, 1962.","Listed as document 334 in FRUS 1961-1963, Volumes X/XI/XII, Microfiche Supplement.",https://history.state.gov/historicaldocuments/frus1961-63v10-12mSupp,,,archival-listing,invasion; Nitze files; OASD; planning paper
frus-supp-345,1962-10-20,I - Air Strike Scenario,Department of Defense / ExComm planning staff,FRUS Microfiche Supplement,Planning paper,Top Secret,U.S. attack or invasion option,Archival listing for an early air-strike scenario,What operational sequence was imagined for striking Cuba's missile system?,A three-page air-strike scenario listed in the official FRUS microfiche supplement. It complements the October 21 McNamara notes and the October 25 Dillon group scenario.,"WNRC, RG 330, OASD(C) A Files, Nitze Files: Black Book, Cuba, Vol. I","Paper, I - Air Strike Scenario, October 20, 1962.","Listed as document 345 in FRUS 1961-1963, Volumes X/XI/XII, Microfiche Supplement.",https://history.state.gov/historicaldocuments/frus1961-63v10-12mSupp,,,archival-listing,air strike; Nitze files; planning scenario; missile sites
frus-supp-348,1962-10-21,JCS Telegram 6830 on Blockade Reactions and General War Plans,Joint Chiefs of Staff,FRUS Microfiche Supplement,JCS telegram,Top Secret,Strategic nuclear war plan,Connects Cuba operations to review of applicable general war plans,Did the crisis trigger review of general war planning outside Cuba?,A JCS telegram to selected military commands on possible reactions to blockade operations and instructions to review applicable general war plans.,"Kennedy Library, National Security Files, Countries Series, Cuba, Cables, 10/16/62-10/21/62","Telegram 6830 from the Joint Chiefs of Staff to Certain Military Commands, October 21, 1962.","Listed as document 348 in FRUS 1961-1963, Volumes X/XI/XII, Microfiche Supplement.",https://history.state.gov/historicaldocuments/frus1961-63v10-12mSupp,,,archival-listing,JCS; general war plans; blockade; military commands
frus-supp-356,1962-10-22,Notes from JCS Meeting on MRBM Sites and U.S. Responses to a Missile Attack,Joint Chiefs of Staff,FRUS Microfiche Supplement,JCS meeting notes,Secret,U.S. attack or invasion option,Shows JCS thinking on what to do if missiles in Cuba were fired,What responses did the Joint Chiefs consider if Cuban-based missiles struck the United States?,An official microfiche listing for JCS notes covering DIA briefing on MRBM sites in Cuba and U.S. responses to a missile attack.,"DOD, Office of the Chairman of the Joint Chiefs of Staff, Office of Joint History","Notes from transcripts of JCS meetings, October 22, 1962.","Listed as document 356 in FRUS 1961-1963, Volumes X/XI/XII, Microfiche Supplement.",https://history.state.gov/historicaldocuments/frus1961-63v10-12mSupp,,,archival-listing,JCS; MRBM; missile attack; DIA
nsa-1962-10-20-cinclant-occupation,1962-10-20,CINCLANT Military Government Proclamation No. 1,"Commander in Chief, U.S. Atlantic Command",National Security Archive,Military occupation proclamation,Top Secret,U.S. attack or invasion option,Shows that U.S. invasion planning included military occupation of Cuba,What would have followed a U.S. invasion after air strikes?,"A declassified proclamation for military occupation of Cuba, useful for showing that the invasion path was not a vague option but an administratively planned occupation.",National Security Archive @60 release,"CINCLANT, Military Government Proclamation No. 1, October 20, 1962.",Posted by the National Security Archive in the Cuban Missile Crisis at 60 sourcebook.,https://nsarchive.gwu.edu/document/29183-oct-20-us-planned-military-occupation-cuba,https://nsarchive.gwu.edu/sites/default/files/2022-10/Cinclant-Proclamation-for-Military-Occupation-of-Cuba-1962.pdf,https://nsarchive.gwu.edu/media/29183/ocr,digitized scan/OCR,CINCLANT; occupation; invasion; military government
nsa-1962-10-27-jcs-notes,1962-10-27,"Notes Taken from Transcripts of Meetings of the Joint Chiefs of Staff, October-November 1962",Joint Chiefs of Staff,National Security Archive,JCS notes,Secret,Black Saturday flashpoint,Shows JCS thinking during the U-2 shootdown and attack/invasion pressure,How did the Joint Chiefs interpret the crisis at the moment Kennedy was resisting retaliation?,"The October 27 JCS notes capture military reactions during Black Saturday, including discussion after the U-2 shootdown and the pressure for possible military action.","DOD / Joint Chiefs records, posted by National Security Archive","Notes Taken from Transcripts of Meetings of the Joint Chiefs of Staff, October-November 1962, notes for October 27, 1962.",Posted by the National Security Archive in the Cuban Missile Crisis at 60 sourcebook.,https://nsarchive.gwu.edu/document/29345-oct-27-joint-chiefs-notes-cuban-missile-crisis-oct-27-62,https://nsarchive.gwu.edu/sites/default/files/2022-10/Joint-Chiefs-notes-Cuban-Missile-Crisis-Oct-27-62.pdf,https://nsarchive.gwu.edu/media/29345/ocr,digitized scan/OCR,JCS; Black Saturday; U-2 shootdown; retaliation
soviet-1962-05-24-deployment-plan,1962-05-24,Memorandum from Malinovsky and Zakharov on Deployment of Soviet Forces to Cuba,Rodion Malinovsky and Matvei Zakharov,Soviet/Cuban release,Soviet deployment plan,Top Secret,Nuclear custody and release,"Shows the Soviet force package sent to Cuba, including nuclear-capable systems",What Soviet nuclear and conventional forces were in or planned for Cuba before the crisis?,"A core Soviet planning document for Operation Anadyr, identifying the force package that made a U.S. invasion of Cuba a nuclear-risk event.",Russian/Soviet document posted by National Security Archive,"Malinovsky and Zakharov memorandum on deployment of Soviet forces to Cuba, May 24, 1962.",Posted by the National Security Archive in the Cuban Missile Crisis at 60 sourcebook.,https://nsarchive.gwu.edu/document/CMC-60/soviet-deployment-plan-cuba-1962,https://nsarchive.gwu.edu/sites/default/files/2022-10/Soviet-deployment-plan-for-Cuba-1962.pdf,https://nsarchive.gwu.edu/media/29093/ocr,digitized scan/OCR,Operation Anadyr; Soviet forces; nuclear weapons; Malinovsky
soviet-1962-09-08-tactical-nuclear-authority,1962-09-08,Directive to the Commander of Soviet Forces in Cuba on Transfer of Il-28s and Luna Missiles and Authority on Use of Tactical Nuclear Weapons,Soviet Ministry of Defense / Malinovsky,Soviet/Cuban release,Draft directive,Top Secret,Nuclear custody and release,Direct evidence of contemplated local authority over tactical nuclear weapons,Could Soviet commanders in Cuba have used tactical nuclear weapons against a U.S. invasion?,"A draft Soviet directive on Luna missiles, Il-28s, and tactical nuclear use authority. It is essential for evaluating whether invasion could have triggered battlefield nuclear use in Cuba.",Soviet document posted by National Security Archive,"Directive to the Commander of Soviet Forces in Cuba on transfer of Il-28s and Luna missiles and authority on use of tactical nuclear weapons, September 8, 1962.",Posted in the National Security Archive 40th anniversary Cuban Missile Crisis document set.,https://nsarchive2.gwu.edu/nsa/cuba_mis_cri/docs.htm,https://nsarchive2.gwu.edu/nsa/cuba_mis_cri/620908%20Memorandum%20from%20Malinovsky.pdf,,digitized scan,tactical nuclear weapons; Luna; Il-28; Pliyev; authority
soviet-1962-09-18-naval-plans,1962-09-18,Report from Zakharov and Fokin to the Defense Council and Khrushchev on Initial Plans for Soviet Navy Activities in Operation Anadyr,Matvei Zakharov and Sergei Fokin,Soviet/Cuban release,Soviet military report,Primary-source translation,Black Saturday flashpoint,Shows Soviet naval planning connected to nuclear torpedoes and submarine operations,What Soviet naval forces and weapons could have brought nuclear use into the Atlantic confrontation?,"A Soviet naval planning record for Operation Anadyr, relevant to the submarine side of the crisis and the presence of nuclear-capable torpedoes.",Russian/Soviet document posted by National Security Archive,"Zakharov and Fokin report to the Defense Council and Khrushchev on initial plans for Soviet Navy activities in Operation Anadyr, September 18, 1962.",Posted by the National Security Archive in its Underwater Cuban Missile Crisis at 60 release.,https://nsarchive.gwu.edu/document/28908-1-report-general-zakharov-and-admiral-fokin-defense-council-and-premier-khrushchev,,,document page,Soviet submarines; nuclear torpedoes; Operation Anadyr; naval plans
soviet-1962-10-22-presidium-notes,1962-10-22,Malin/Serov Notes of the Soviet Presidium,Soviet Presidium,Soviet/Cuban release,Presidium notes,Primary-source translation,Soviet reaction estimate,Shows Soviet leadership deliberation after Kennedy's public address,How did the Soviet leadership interpret Kennedy's quarantine and military threat?,"Soviet Presidium notes from the immediate post-speech period, useful for comparing U.S. assumptions about Soviet reaction with Soviet leadership discussion.",Soviet document posted by National Security Archive,"Malin/Serov notes of the Soviet Presidium, October 22-23, 1962.",Posted by the National Security Archive in the Cuban Missile Crisis at 60 sourcebook.,https://nsarchive.gwu.edu/document/29225-oct-22-central-committee-communist-party-soviet-union-presidium-protocol-no-60,,,document page,Soviet Presidium; Khrushchev; quarantine; Soviet reaction
soviet-1962-10-22-malinovsky-order,1962-10-22,Malinovsky's Order to Pliyev,Rodion Malinovsky,Soviet/Cuban release,Military directive,Top Secret,Nuclear custody and release,Shows Soviet command instructions to forces in Cuba after Kennedy's speech,What orders governed Soviet forces in Cuba once the quarantine was announced?,"A Soviet order to Gen. Issa Pliyev, commander of Soviet forces in Cuba. It is central for the command-and-control context of Soviet forces during the crisis.",Soviet document posted by National Security Archive,"Malinovsky's Order to Pliyev, October 22, 1962.",Posted in the National Security Archive 40th anniversary Cuban Missile Crisis document set.,https://nsarchive2.gwu.edu/nsa/cuba_mis_cri/docs.htm,https://nsarchive2.gwu.edu/nsa/cuba_mis_cri/621022%20Malinovsky%27s%20Order%20to%20Pliyev.pdf,,digitized scan,Pliyev; Malinovsky; Soviet forces; command authority
cuba-1962-10-24-general-staff,1962-10-24,Important Aspects from Military Chiefs' Reports to Fidel Castro,Cuban General Staff / Fidel Castro meeting,Soviet/Cuban release,Cuban military meeting record,Primary-source scan,Nuclear custody and release,Shows Cuban military posture and coordination with Soviet forces during the crisis,What was the Cuban command picture as U.S. attack or invasion remained possible?,A Spanish-language Cuban record of military reports to Castro on October 24. It helps reconstruct the local military situation that U.S. planners could not fully see.,Cuban document posted by National Security Archive,Aspectos importantes contenidos en los informes ofrecidos por los jefes militares reunidos el dia 24 de octubre de 1962 en el Estado Mayor General con Fidel Castro.,Posted in the National Security Archive 40th anniversary Cuban Missile Crisis document set.,https://nsarchive2.gwu.edu/nsa/cuba_mis_cri/docs.htm,https://nsarchive2.gwu.edu/nsa/cuba_mis_cri/621024%20Aspectos%20importantes.pdf,,digitized scan,Cuba; Castro; general staff; local military posture
cuba-1962-10-26-castro-khrushchev,1962-10-26,Fidel Castro's Letter to Nikita Khrushchev,Fidel Castro,Soviet/Cuban release,Leader letter,Primary-source scan,Nuclear custody and release,Shows Castro urging Soviet resolve if U.S. invasion occurred,How did Castro understand the nuclear stakes if the United States invaded Cuba?,Castro's message to Khrushchev is central to the question of whether Cuban leaders expected an invasion to become a nuclear confrontation and how they urged Moscow to respond.,Cuban document posted by National Security Archive,"Fidel Castro letter to Nikita Khrushchev, October 26, 1962.",Posted in the National Security Archive 40th anniversary Cuban Missile Crisis document set.,https://nsarchive2.gwu.edu/nsa/cuba_mis_cri/docs.htm,https://nsarchive2.gwu.edu/nsa/cuba_mis_cri/621026%20Castro%20Letter%20to%20Khrushchev.pdf,,digitized scan,Castro; Khrushchev; invasion; nuclear use
cia-1962-10-27-crisis-ussr-cuba,1962-10-27,The Crisis USSR/Cuba,Central Intelligence Agency,National Security Archive,CIA daily report,Primary-source scan,Black Saturday flashpoint,Intelligence snapshot on Black Saturday,What did U.S. intelligence report at the moment crisis control was weakest?,"A CIA daily report from October 27, useful for reconstructing what U.S. officials knew as the crisis combined U-2 incidents, military readiness, and diplomatic pressure.",CIA document posted by National Security Archive,"CIA daily report, The Crisis USSR/Cuba, October 27, 1962.",Posted in the National Security Archive 40th anniversary Cuban Missile Crisis document set.,https://nsarchive2.gwu.edu/nsa/cuba_mis_cri/docs.htm,https://nsarchive2.gwu.edu/nsa/cuba_mis_cri/621027%20The%20Crisis%20USSR-Cuba.pdf,,digitized scan,CIA; Black Saturday; intelligence; USSR/Cuba
soviet-1962-10-27-dobrynin-cable,1962-10-27,Dobrynin Report of Meeting with Robert Kennedy on the Worsening Threat,Anatoly Dobrynin,Soviet/Cuban release,Soviet diplomatic cable,Top Secret,Settlement and post-crisis weapons removal,Soviet-side record of the secret settlement channel,How did the secret Kennedy-Dobrynin channel avert the attack/invasion track?,"Dobrynin's cable reporting Robert Kennedy's October 27 meeting is a key Soviet-side account of the final settlement channel, including urgency and the secret Turkey component.",Soviet document posted by National Security Archive,"Dobrynin cable to the USSR, report of meeting with Robert Kennedy, October 27, 1962.",Posted in the National Security Archive 40th anniversary Cuban Missile Crisis document set.,https://nsarchive2.gwu.edu/nsa/cuba_mis_cri/docs.htm,https://nsarchive2.gwu.edu/nsa/cuba_mis_cri/621027%20Dobrynin%20Cable%20to%20USSR.pdf,,digitized scan,Dobrynin; Robert Kennedy; secret channel; Turkey
soviet-1962-10-27-no-use-without-moscow,1962-10-27,Prohibition on Use of Nuclear Weapons Without Orders from Moscow,Soviet leadership / Ministry of Defense,Soviet/Cuban release,Ciphered telegram,Top Secret,Nuclear custody and release,Direct nuclear-use control instruction during Black Saturday,Who had authority to order Soviet nuclear weapons use in Cuba at the peak of danger?,A Soviet directive prohibiting nuclear weapons use without orders from Moscow. This is one of the most important documents for command-and-control in the invasion counterfactual.,Soviet document posted by National Security Archive,"Ciphered Telegram No. 20076, Prohibition on Use of Nuclear Weapons without Orders from Moscow, October 27, 1962, 16:30.",Posted in the National Security Archive 40th anniversary Cuban Missile Crisis document set.,https://nsarchive2.gwu.edu/nsa/cuba_mis_cri/docs.htm,https://nsarchive2.gwu.edu/nsa/cuba_mis_cri/621027%20Ciphered%20Telegram%20No.%2020076.pdf,,digitized scan,nuclear release; Moscow authority; Pliyev; Black Saturday
soviet-1962-10-27-cpsu-pliyev,1962-10-27,CC CPSU Presidium Instructions to Pliyev in Response to His Telegram,CC CPSU Presidium,Soviet/Cuban release,Soviet directive,Top Secret,Nuclear custody and release,Shows Moscow's instructions to the Soviet commander in Cuba,How did Moscow try to control Soviet forces in Cuba as invasion fears rose?,"Presidium instructions to Gen. Pliyev, paired with the no-use directive, for reconstructing the chain of command over Soviet forces and nuclear weapons in Cuba.",Soviet document posted by National Security Archive,"CC CPSU Presidium Instructions to Pliyev in Response to His Telegram, October 27, 1962.",Posted in the National Security Archive 40th anniversary Cuban Missile Crisis document set.,https://nsarchive2.gwu.edu/nsa/cuba_mis_cri/docs.htm,https://nsarchive2.gwu.edu/nsa/cuba_mis_cri/621027%20CC%20CPSU%20Instructions%20to%20Pliyev.pdf,,digitized scan,Pliyev; CPSU Presidium; nuclear authority; command control
usn-1962-10-24-submarine-procedures,1962-10-24,U.S. Navy Notice on Submarine Surfacing and Identification Procedures,U.S. Navy Department,National Security Archive,Navy cable,Primary-source scan/OCR,Black Saturday flashpoint,Shows the rules U.S. forces broadcast for forcing Soviet submarines to surface,How did quarantine enforcement create a nuclear torpedo flashpoint at sea?,The U.S. notice on submarine surfacing procedures is foundational for the B-59 episode because Soviet submarine commanders may not have understood harmless signaling the way U.S. commanders intended it.,National Security Archive Underwater Cuban Missile Crisis release,"U.S. Navy Department cable forwarding State Department notice on submarine surfacing and identification procedures, October 24, 1962.",Posted by the National Security Archive in its Underwater Cuban Missile Crisis at 60 release.,https://nsarchive.gwu.edu/document/29062-2-us-navy-department-cable-cinclantflt-et-al-forwarding-state-department-notice,,,document page,submarine; surfacing procedures; quarantine; B-59
soviet-1962-12-northern-fleet-report,1962-12-01,"Northern Fleet Headquarters Report on Submarines B-4, B-36, B-59, and B-130 in Operation Anadyr",Soviet Northern Fleet Headquarters,Soviet/Cuban release,Soviet naval report,Primary-source translation,Black Saturday flashpoint,Soviet-side operational record of the submarine deployment,What happened aboard and around Soviet submarines during the quarantine?,"A Soviet Northern Fleet report on the four submarines sent to support Operation Anadyr, central for understanding the operational stress around B-59 and its nuclear torpedo.",Soviet document posted by National Security Archive,"Soviet Northern Fleet Headquarters report on the 69th Submarine Brigade in Operation Anadyr, circa December 1962.",Posted by the National Security Archive in its Underwater Cuban Missile Crisis at 60 release.,https://nsarchive.gwu.edu/document/29063-3-soviet-northern-fleet-headquarters-report-about-participation-submarines-b-4-b-36,,,document page,B-59; Soviet submarines; Operation Anadyr; nuclear torpedo
usn-1962-10-27-cinclant-sub-activity,1962-10-27,Summary of Soviet Submarine Activities in Western Atlantic to 271700Z,CINCLANT,National Security Archive,Navy cable,Primary-source scan/OCR,Black Saturday flashpoint,U.S. command view of Soviet submarine activity on Black Saturday,What did U.S. Atlantic Command believe Soviet submarines were doing as the crisis peaked?,"A CINCLANT summary of Soviet submarine activity to 1700Z on October 27, part of the operational record for the B-59 nuclear torpedo danger.",National Security Archive Underwater Cuban Missile Crisis release,"CINCLANT cable to JCS, Summary of Soviet Submarine Activities in Western Atlantic to 271700Z, October 27, 1962.",Posted by the National Security Archive in its Underwater Cuban Missile Crisis at 60 release.,https://nsarchive.gwu.edu/document/29068-11-cinclant-cable-jcs-summary-soviet-submarine-activities-western-atlantic-271700z,,,document page,CINCLANT; submarine; B-59; Black Saturday
usn-1962-10-27-sosus,1962-10-27,Appreciation of SOSUS Activity in Western Atlantic from 23001Z to 273100Z,CTG 81.1 / COMASWFORLANT,National Security Archive,Navy cable,Primary-source scan/OCR,Black Saturday flashpoint,Operational acoustic-tracking record during the submarine confrontation,How did U.S. ASW forces track Soviet submarines during the crisis?,"A task group cable on SOSUS activity, included because the anti-submarine campaign was one of the few crisis theaters where a nuclear weapon almost came under local-use pressure.",National Security Archive Underwater Cuban Missile Crisis release,"CTG 81.1 cable to CTF 81, Appreciation of SOSUS Activity in Western Atlantic from 23001Z to 273100Z, October 27, 1962.",Posted by the National Security Archive in its Underwater Cuban Missile Crisis at 60 release.,https://nsarchive.gwu.edu/document/29067-10-ctg-811-element-comsawforlant-cable-ctf-81-comaswforlant-appreciation-sosus,,,document page,SOSUS; ASW; submarine tracking; Black Saturday
soviet-2002-orlov-b59,2002-01-01,"Recollections of Vadim Orlov (USSR Submarine B-59): We Will Sink Them All, But We Will Not Disgrace Our Navy",Vadim Orlov,National Security Archive,Retrospective primary testimony,Memoir/recollection,Retrospective primary testimony,Eyewitness account of the B-59 nuclear-torpedo crisis,How close did a Soviet submarine come to firing a nuclear torpedo?,"A later eyewitness recollection by a B-59 officer. It is retrospective rather than contemporaneous, but remains primary testimony for the best-known nuclear-use near miss at sea.",National Security Archive Cuban Missile Crisis document set,"Vadim Orlov, Recollections of Vadim Orlov (USSR Submarine B-59), 2002.",Posted in the National Security Archive 40th anniversary Cuban Missile Crisis document set and referenced in the Underwater Cuban Missile Crisis release.,https://nsarchive.gwu.edu/document/29066-7-recollections-vadim-orlov-ussr-submarine-b-59-we-will-sink-them-all-we-will-not,https://nsarchive2.gwu.edu/nsa/cuba_mis_cri/020000%20Recollections%20of%20Vadim%20Orlov.pdf,,digitized scan and document page,B-59; Orlov; nuclear torpedo; eyewitness
usn-1962-10-asw-charts-logs,1962-10-01,Charts and Deck Logs of Anti-Submarine Warfare Operations Related to USSR Submarine B-59,U.S. Navy,National Security Archive,Charts and deck logs,Top Secret/Secret/For Official Use Only,Black Saturday flashpoint,Operational documentary packet for the B-59 encounter,What do ship logs and ASW charts show about the physical encounter with B-59?,A packet of U.S. Navy charts and deck logs documenting anti-submarine operations related to B-59. Use with the individual Underwater Crisis document pages for granular ship-by-ship evidence.,U.S. Navy records posted by National Security Archive,"U.S. Navy charts and deck logs of anti-submarine warfare operations related to USSR submarine B-59, October 1962.",Posted in the National Security Archive 40th anniversary Cuban Missile Crisis document set.,https://nsarchive2.gwu.edu/nsa/cuba_mis_cri/docs.htm,https://nsarchive2.gwu.edu/nsa/cuba_mis_cri/621000%20Charts-deck%20logs.pdf,,digitized packet,B-59; deck logs; ASW; quarantine
soviet-1962-10-28-khrushchev-castro,1962-10-28,Khrushchev Letter to Castro,Nikita Khrushchev,Soviet/Cuban release,Leader letter,Primary-source scan,Settlement and post-crisis weapons removal,Explains Soviet decision to accept settlement rather than continue toward war,How did Khrushchev justify stepping back from confrontation to Castro?,Khrushchev's October 28 letter to Castro defended the settlement and reflected the Soviet leader's fear that the crisis could become uncontrollable.,Soviet document posted by National Security Archive,"Nikita Khrushchev letter to Fidel Castro, October 28, 1962.",Posted in the National Security Archive 40th anniversary Cuban Missile Crisis document set.,https://nsarchive2.gwu.edu/nsa/cuba_mis_cri/docs.htm,https://nsarchive2.gwu.edu/nsa/cuba_mis_cri/19621028khrlet.pdf,,digitized scan,Khrushchev; Castro; settlement; October 28
cuba-1962-10-28-castro-khrushchev,1962-10-28,Castro Letter to Khrushchev,Fidel Castro,Soviet/Cuban release,Leader letter,Primary-source scan,Settlement and post-crisis weapons removal,Shows Cuban reaction to Soviet de-escalation,How did Cuba react when Moscow accepted settlement without Castro's approval?,Castro's October 28 response helps explain Cuban anger over the settlement and the continuing danger around tactical weapons and verification.,Cuban document posted by National Security Archive,"Fidel Castro letter to Nikita Khrushchev, October 28, 1962.",Posted in the National Security Archive 40th anniversary Cuban Missile Crisis document set.,https://nsarchive2.gwu.edu/nsa/cuba_mis_cri/docs.htm,https://nsarchive2.gwu.edu/nsa/cuba_mis_cri/19621028caslet.pdf,,digitized scan,Castro; Khrushchev; settlement; Cuban reaction
white-house-1962-10-29-post-mortem,1962-10-29,Post Mortem on Cuba,White House,National Security Archive,White House memorandum,Primary-source scan,Settlement and post-crisis weapons removal,Immediate U.S. lessons and unresolved danger after Khrushchev's withdrawal announcement,What risks and tasks did U.S. officials see after the apparent end of the crisis?,"An immediate White House post-mortem that helps identify what remained unresolved after the public settlement, including verification and remaining weapons questions.",White House document posted by National Security Archive,"White House, Post Mortem on Cuba, October 29, 1962.",Posted in the National Security Archive 40th anniversary Cuban Missile Crisis document set.,https://nsarchive2.gwu.edu/nsa/cuba_mis_cri/docs.htm,https://nsarchive2.gwu.edu/nsa/cuba_mis_cri/19621029mortem.pdf,,digitized scan,post-mortem; verification; settlement; White House
soviet-1962-11-05-mikoyan-cuban-leaders,1962-11-05,Memorandum of Conversation Between Anastas Mikoyan and Cuban Leaders,Anastas Mikoyan / Cuban leadership,Soviet/Cuban release,Memorandum of conversation,Top Secret,Settlement and post-crisis weapons removal,Post-crisis Soviet-Cuban discussion of tactical nuclear weapons and withdrawal issues,How were remaining Soviet tactical nuclear weapons handled after the public missile deal?,"A top-secret Soviet record of Mikoyan's November 5 conversation with Cuban leaders, important for the lingering question of tactical nuclear weapons and Cuban consent.",Soviet document posted by National Security Archive,"Memorandum of conversation between Mikoyan and Cuban leaders, November 5, 1962, evening.",Posted in the National Security Archive 40th anniversary Cuban Missile Crisis document set.,https://nsarchive2.gwu.edu/nsa/cuba_mis_cri/docs.htm,https://nsarchive2.gwu.edu/nsa/cuba_mis_cri/621105%20MemCon%20Mikoyan%20%28evening%29.pdf,,digitized scan,Mikoyan; Castro; tactical nuclear weapons; withdrawal
soviet-1962-11-05-malinovsky-telegrams,1962-11-05,Telegrams from Malinovsky to Pliyev,Rodion Malinovsky,Soviet/Cuban release,Soviet military telegrams,Top Secret,Settlement and post-crisis weapons removal,Orders governing Soviet forces and weapons after the settlement,How did Moscow direct Soviet forces in Cuba after deciding to remove the strategic missiles?,"Early November telegrams from Malinovsky to Pliyev, important for the transition from crisis posture to withdrawal and control of remaining weapons.",Soviet document posted by National Security Archive,"Telegrams from Malinovsky to Pliyev, circa November 5, 1962.",Posted in the National Security Archive 40th anniversary Cuban Missile Crisis document set.,https://nsarchive2.gwu.edu/nsa/cuba_mis_cri/docs.htm,https://nsarchive2.gwu.edu/nsa/cuba_mis_cri/621105%20Telegrams%20from%20Malinovsky.pdf,,digitized scan,Malinovsky; Pliyev; withdrawal; Soviet forces
soviet-1962-11-06-mikoyan-telegram,1962-11-06,Ciphered Telegram from Mikoyan to the CC CPSU,Anastas Mikoyan,Soviet/Cuban release,Ciphered telegram,Top Secret,Settlement and post-crisis weapons removal,Reports Soviet-Cuban negotiation over removing remaining nuclear assets,What did Moscow learn from Mikoyan about Cuban resistance to the settlement?,"Mikoyan's telegram to Moscow provides Soviet-side evidence on Cuban objections, the removal problem, and the handling of weapons after the strategic missiles were publicly withdrawn.",Soviet document posted by National Security Archive,"Ciphered Telegram from Mikoyan to CC CPSU, November 6, 1962.",Posted in the National Security Archive 40th anniversary Cuban Missile Crisis document set.,https://nsarchive2.gwu.edu/nsa/cuba_mis_cri/docs.htm,https://nsarchive2.gwu.edu/nsa/cuba_mis_cri/621106%20Ciphered%20Mikoyan%20Telegram.pdf,,digitized scan,Mikoyan; CC CPSU; tactical weapons; Cuban objections
frus-v11-d187,1962-11-16,Chairman's Talking Paper for Meeting With the President,Gen. Maxwell Taylor / Joint Chiefs of Staff,FRUS,JCS talking paper,Top Secret,Settlement and post-crisis weapons removal,Assesses residual Soviet military capability in Cuba after the crisis,What military dangers remained after the public settlement?,"Taylor's talking paper helps identify the Soviet forces and weapons still of concern after the missile withdrawal announcement, including the military implications of any renewed U.S. action.","Kennedy Library, National Security Files, Countries Series, Cuba, General","Paper prepared for the Chairman of the Joint Chiefs of Staff for a meeting with President Kennedy, November 16, 1962, FRUS, 1961-1963, vol. XI, doc. 187.",Source note in FRUS cites Kennedy Library National Security Files.,https://history.state.gov/historicaldocuments/frus1961-63v11/d187,https://nsarchive2.gwu.edu/nsa/cuba_mis_cri/19621116taylor.pdf,,official text plus scan,Taylor; JCS; post-crisis; Soviet forces
soviet-1990s-beloborodov-memoir,1990-01-01,"The War Was Averted: Soviet Nuclear Weapons in Cuba, 1962",Nikolai Beloborodov,Soviet/Cuban release,Retrospective primary testimony,Memoir,Retrospective primary testimony,Eyewitness account from the Soviet officer responsible for nuclear warheads in Cuba,Where were Soviet nuclear warheads and how were they controlled locally?,"Beloborodov's memoir is retrospective but uniquely important because he headed the Soviet nuclear arsenal in Cuba and describes warhead custody, movement, and crisis conditions.",Soviet memoir posted by National Security Archive,"Nikolai Beloborodov, The War Was Averted: Soviet Nuclear Weapons in Cuba, 1962, early 1990s.",Posted by the National Security Archive in the Cuban Missile Crisis at 60 sourcebook.,https://nsarchive.gwu.edu/CMC-60/soviet-nuclear-warhead-commander-Beloborodov-memoir,https://nsarchive.gwu.edu/sites/default/files/2022-10/Nikolai-Beloborodov-Memoir.pdf,https://nsarchive.gwu.edu/media/29086/ocr,digitized scan/OCR,Beloborodov; warheads; custody; retrospective
soviet-1962-statsenko-after-action,1962-12-01,Report of Maj. Gen. Igor Statsenko on the Actions of the 51st Missile Division,Igor Statsenko,Soviet/Cuban release,After-action report,Primary-source scan/OCR,Nuclear custody and release,Soviet missile commander account of operational status in Cuba,How ready were Soviet strategic missiles in Cuba during the crisis?,"Statsenko's after-action report from the commander of the 51st Missile Division is a core Soviet operational source on missile deployment, readiness, and crisis actions.",Soviet document posted by National Security Archive,"Maj. Gen. Igor Statsenko, report on the actions of the 51st Missile Division, 1962.",Posted by the National Security Archive in the Cuban Missile Crisis at 60 sourcebook.,https://nsarchive.gwu.edu/CMC-60/soviet-missile-commander-Statsenko-after-action-report-1962,https://nsarchive.gwu.edu/sites/default/files/2022-10/Soviet-missile-commander-Statsenko-after-action-report-1962.pdf,https://nsarchive.gwu.edu/media/29100/ocr,digitized scan/OCR,Statsenko; 51st Missile Division; missile readiness; Soviet operations
